Student,,Student ID,Start Date,End Date,Grade Level,Report Period 1,Report Period 2,Report Period 3,Grade,Comments
"Ayala-Turcios, Alexandra Sarahi",,168286,"Wed, Aug 11, 2021",,10,D,F,D,F,
"Banks, Sylveria ",,153303,"Wed, Aug 11, 2021",,12,A,B,A,C,
"Barlow, James ",,61742,"Tue, Jan  4, 2022","Thu, May 26, 2022",12,D,C,B,D,
"Beyazit, Aydin ",,316268,"Mon, Aug 16, 2021",,11,B,F,F,F,
"Bond, Dylan James",,146338,"Wed, Aug 11, 2021",,12,C,F,C,D,
"Bravo, Angel ",,153218,"Tue, Jan  4, 2022","Thu, May 26, 2022",12,C,C,B,C,
"Castillo, Renzo Manuel",,482436,"Wed, Aug 11, 2021",,12,D,F,F,C,
"Correia, Alivia Marie",,538666,"Tue, Jan 11, 2022",,11,A,B,A,A,
"Dodson, Deanthony ",,151939,"Wed, Aug 11, 2021",,12,C,F,F,D,
"Esposito, Daniel Aiden",,473259,"Tue, Jan  4, 2022","Thu, May 26, 2022",12,B,C,A,B,
"Fenn, Katelyn Theresa",,152055,"Wed, Aug 11, 2021",,12,B,D,C,C,
"Gannon, Trevor John",,499747,"Wed, Aug 11, 2021",,12,B,C,B,C,
"Gomez, Noelani ",,317715,"Wed, Aug 11, 2021",,11,C,D,D,F,
"Gonzalez, Sergio ",,402742,"Wed, Aug 11, 2021",,12,C,F,D,F,
"Gonzalez-Catalan, Karen Ruby",,150051,"Wed, Aug 11, 2021",,12,C,F,D,D,
"Griffith, Makayla ",,323676,"Wed, Aug 11, 2021",,11,A,B,B,C,
"Hawkins, Ben ",,51369,"Tue, Jan  4, 2022","Thu, May 26, 2022",12,F,F,C,C,
"Holmes, Julian A",,168702,"Fri, Aug 13, 2021",,11,C,C,B,B,
"Mcmanus, Tyler Evan",,521783,"Tue, Jan  4, 2022","Thu, May 26, 2022",11,,,A,A,
"Miller, Stephany Ann",,484372,"Wed, Aug 11, 2021",,12,C,B,C,B,
"Mitchell, La Toya ",,344533,"Thu, Aug 12, 2021",,10,C,C,A,C,
"Phillips, Sean ",,143665,"Wed, Aug 11, 2021",,11,F,F,D,F,
"Pretel, Alexandra Beatriz",,448836,"Wed, Aug 11, 2021",,12,B,B,B,C,
"Sansom, Brianna Hope",,150644,"Wed, Aug 11, 2021",,11,B,C,A,A,
"Smith, Pesha Lynell",,543140,"Tue, Jan  4, 2022","Thu, May 26, 2022",12,B,C,C,C,
