Student,,Student ID,Start Date,End Date,Grade Level,Report Period 1,Report Period 2,Report Period 3,Grade,Comments
"Bennett, Maceo ",,153307,"Wed, Aug 11, 2021",,12,C,F,B,D,
"Bobbitt, Jaylen Dashaun",,144239,"Wed, Jan 12, 2022",,11,A,B,B,C,
"Bonney, Jonquis Terryll",,371997,"Thu, Jan 13, 2022",,12,C,F,D,D,
"Corliss, Caitlin Marie",,322995,"Fri, Aug 13, 2021",,10,C,D,D,D,
"Corona-Mendoza, Hector ",,316530,"Wed, Aug 11, 2021",,11,F,F,F,F,
"Cottey, Christian ",,154049,"Wed, Aug 11, 2021",,12,B,C,B,C,
"Ehlers, Elizabeth Nicole",,325089,"Wed, Aug 11, 2021",,11,D,D,C,F,
"Escamilla, Litzy ",,319097,"Tue, Sep  7, 2021",,11,B,F,F,F,
"Floyd, Eric Deonte",,325735,"Tue, Jan  4, 2022","Thu, May 26, 2022",11,B,C,C,C,
"Hall, Chloe Ryan",,151402,"Thu, Oct 21, 2021",,11,,B,B,D,
"Jimenez, Yahir ",,44686,"Wed, Aug 11, 2021",,11,D,F,D,F,
"Kelly, Laina ",,326449,"Wed, Sep  8, 2021",,11,B,A,A,A,
"Leigh, Ethan Hernan",,150318,"Wed, Aug 11, 2021",,12,C,C,A,A,
"Leski, Brandon Joseph",,346659,"Wed, Aug 11, 2021",,10,C,F,C,D,
"Martinez Baxcajay, Mariana ",,528347,"Wed, Aug 11, 2021",,10,B,C,B,C,
"Maxson, Jacob Lee",,513985,"Mon, Aug 16, 2021",,11,D,D,D,D,
"Meyer, Nicholas Andrew",,326247,"Wed, Aug 11, 2021",,11,F,F,F,F,
"Molina, Kimberly Jueveana",,543079,"Tue, Jan  4, 2022","Thu, May 26, 2022",12,F,F,F,F,
"Pena-Hilario, Jenny ",,378689,"Mon, Aug 23, 2021",,12,B,C,D,C,
"Serrano Espinoza, Jenny  Alexandra ",,315854,"Tue, Jan  4, 2022","Thu, May 26, 2022",11,C,C,F,D,
"Tim, Makiya Denise Artavi",,324429,"Wed, Aug 11, 2021",,11,C,D,F,F,
"Woods, Kendrick ",,153986,"Tue, Jan  4, 2022",,12,A,A,A,B,
