Student,Student ID,Grade,State Abs,Present,Reason Pending ,Skipping ,Family Activity ,Employment ,Transportation ,Medical Unexcused ,Medical Excused ,Family Emergency ,Legal or Judicial Requirement ,Non-school Activity Excused ,Religious Observance ,Present/Absent,Discipline,School Function,Rel/Col,Intervention,Exempt Exam,Made up Class,Tardy,Bus Tardy,Excused Tardy,Extreme Tardy,Unexcused Tardy,NovaNet,Office,Early Release,Early Release Excused,Alternate Bell Schedule,Quarantine Present,Quarantine Absent
"Fickes, Cooper Chase",468566,11,3,39,3,0,0,0,0,0,0,0,0,0,0,0,0,0,0,0,0,0,0,0,0,0,0,0,0,0,0,0,0,0
"Figueroa, Milton Armoni",544803,10,4,13,4,0,0,0,0,0,0,0,0,0,0,0,0,0,0,0,0,0,0,0,0,0,0,0,0,0,0,0,0,0
"Gonzalez, Sergio ",402742,12,3,38,3,0,0,0,0,0,0,0,0,0,0,0,0,0,0,0,0,0,0,0,0,0,0,0,0,0,0,1,0,0
"Herrera-Rosales, Rosario Angel",390266,10,17,23,17,0,0,0,0,0,0,0,0,0,0,0,0,0,0,1,0,0,0,0,1,0,0,0,0,0,0,0,0,0
"James, Rayanna ",350383,10,6,35,6,0,0,0,0,0,0,0,0,0,0,0,0,1,0,0,0,0,0,0,0,0,0,0,0,0,0,0,0,0
"Martinez-Fuentes, Madeleine ",485373,11,13,24,13,0,0,0,0,0,0,0,0,0,0,0,0,0,0,0,0,0,5,0,0,0,0,0,0,0,0,0,0,0
"Miller, Ja'niyah ",169636,11,9,30,9,0,0,0,0,0,0,0,0,0,0,0,0,0,0,0,0,0,3,0,0,0,0,0,0,0,0,0,0,0
"Pena-Perez, Edwin ",384652,12,6,35,6,0,0,0,0,0,0,0,0,0,0,0,0,0,0,0,0,0,0,0,1,0,0,0,0,0,0,0,0,0
"Perez, Peter Nicholas",325548,10,11,31,8,0,0,0,0,0,3,0,0,0,0,0,0,0,0,0,0,0,0,0,0,0,0,0,0,0,0,0,0,0
"Zyberaj, Joana ",430319,09,6,36,6,0,0,0,0,0,0,0,0,0,0,0,0,0,0,0,0,0,0,0,0,0,0,0,0,0,0,0,0,0
Total,,,78,304,75,0,0,0,0,0,3,0,0,0,0,0,0,1,0,1,0,0,8,0,2,0,0,0,0,0,0,1,0,0
