Student,Student ID,Grade,State Abs,Present,Reason Pending ,Skipping ,Family Activity ,Employment ,Transportation ,Medical Unexcused ,Medical Excused ,Family Emergency ,Legal or Judicial Requirement ,Non-school Activity Excused ,Religious Observance ,Present/Absent,Discipline,School Function,Rel/Col,Intervention,Exempt Exam,Made up Class,Tardy,Bus Tardy,Excused Tardy,Extreme Tardy,Unexcused Tardy,NovaNet,Office,Early Release,Early Release Excused,Alternate Bell Schedule,Quarantine Present,Quarantine Absent
"Attocchi, Andrew ",546431,10,4,40,4,0,0,0,0,0,0,0,0,0,0,0,0,0,0,0,0,0,2,0,0,0,0,0,0,0,0,0,0,0
"Ehlers, Elizabeth Nicole",325089,11,12,27,12,0,0,0,0,0,0,0,0,0,0,0,0,1,0,0,0,0,2,0,0,0,0,0,0,0,0,0,5,0
"Eldridge, Casmir Omarion",412538,11,36,11,36,0,0,0,0,0,0,0,0,0,0,0,0,0,0,0,0,0,0,0,0,0,0,0,0,0,0,0,0,0
"Figueroa, Milton Armoni",544803,10,14,32,9,0,0,0,0,0,5,0,0,0,0,0,0,0,0,0,1,0,0,0,0,0,0,0,0,0,0,0,0,0
"Perez Veras, Adelky Sheyenne",519352,11,11,34,11,0,0,0,0,0,0,0,0,0,0,0,0,2,0,0,0,0,0,0,0,0,0,0,0,0,0,0,0,0
Total,,,77,144,72,0,0,0,0,0,5,0,0,0,0,0,0,3,0,0,1,0,4,0,0,0,0,0,0,0,0,0,5,0
