Student,,Student ID,Start Date,End Date,Grade Level,RQ1,RQ2,S1 Exam,S1 Grade,Comments
"Davis, Saree Nyco",,529748,"Tue, Oct 26, 2021","Fri, Dec 17, 2021",11,F,D,X,F,
"Fickes, Cooper Chase",,468566,"Wed, Aug 11, 2021",,11,B,C,X,B,
"Figueroa, Milton Armoni",,544803,"Mon, Nov 15, 2021",,10,,F,X,F,
"Gonzalez, Sergio ",,402742,"Wed, Aug 11, 2021",,12,B,C,X,B,
"Herrera-Rosales, Rosario Angel",,390266,"Wed, Aug 11, 2021",,10,A,B,X,A,
"James, Rayanna ",,350383,"Wed, Aug 11, 2021",,10,C,B,X,B,
"Martinez-Fuentes, Madeleine ",,485373,"Wed, Aug 11, 2021",,11,B,B,X,B,
"Miller, Ja'niyah ",,169636,"Wed, Aug 11, 2021",,11,B,D,X,C,
"Mills, Alyxis ",,316183,"Wed, Aug 11, 2021","Fri, Dec 17, 2021",10,F,F,X,F,
"Pena-Perez, Edwin ",,384652,"Wed, Aug 11, 2021",,12,B,D,X,C,
"Perez, Peter Nicholas",,325548,"Wed, Aug 11, 2021",,10,B,F,X,C,
"Reyes-Pagan, Nayelis ",,429458,"Wed, Aug 11, 2021","Fri, Dec 17, 2021",11,C,D,X,C,
"Smith, Alexia Rachelle",,481034,"Wed, Sep 15, 2021","Fri, Dec 17, 2021",12,B,C,X,B,
"Williams, Zanaria ",,513635,"Wed, Aug 11, 2021","Fri, Dec 17, 2021",10,C,F,X,D,
"Zyberaj, Joana ",,430319,"Wed, Aug 11, 2021",,09,A,C,X,B,
