Student,Student ID,Grade,State Abs,Present,Reason Pending ,Skipping ,Family Activity ,Employment ,Transportation ,Medical Unexcused ,Medical Excused ,Family Emergency ,Legal or Judicial Requirement ,Non-school Activity Excused ,Religious Observance ,Present/Absent,Discipline,School Function,Rel/Col,Intervention,Exempt Exam,Made up Class,Tardy,Bus Tardy,Excused Tardy,Extreme Tardy,Unexcused Tardy,NovaNet,Office,Early Release,Early Release Excused,Alternate Bell Schedule,Quarantine Present,Quarantine Absent
"Fickes, Cooper Chase",468566,11,6,33,6,0,0,0,0,0,0,0,0,0,0,0,0,1,0,1,0,0,0,0,0,0,0,0,0,0,0,0,0,0
"Figueroa, Milton Armoni",544803,10,0,0,0,0,0,0,0,0,0,0,0,0,0,0,0,0,0,0,0,0,0,0,0,0,0,0,0,0,0,0,0,0
"Gonzalez, Sergio ",402742,12,3,36,3,0,0,0,0,0,0,0,0,0,0,0,0,1,0,1,0,0,0,0,0,0,0,0,0,0,0,0,0,0
"Herrera-Rosales, Rosario Angel",390266,10,12,29,12,0,0,0,0,0,0,0,0,0,0,0,0,0,0,0,0,0,0,0,0,0,0,0,0,0,0,0,0,0
"James, Rayanna ",350383,10,14,27,14,0,0,0,0,0,0,0,0,0,0,0,0,0,0,0,0,0,0,0,0,0,0,0,0,0,0,0,0,0
"Martinez-Fuentes, Madeleine ",485373,11,13,26,11,0,0,0,0,0,2,0,0,0,0,0,0,2,0,0,0,0,0,0,0,0,0,0,0,0,0,0,0,0
"Miller, Ja'niyah ",169636,11,12,27,11,0,0,0,0,0,1,0,0,0,0,0,0,2,0,0,0,0,0,0,0,0,0,0,0,0,0,0,0,0
"Pena-Perez, Edwin ",384652,12,5,35,5,0,0,0,0,0,0,0,0,0,0,0,0,0,0,0,0,0,1,0,0,0,0,0,0,0,0,0,0,0
"Perez, Peter Nicholas",325548,10,7,34,4,0,0,0,0,0,3,0,0,0,0,0,0,0,0,0,0,0,0,0,0,0,0,0,0,0,0,0,0,0
"Zyberaj, Joana ",430319,09,2,39,1,0,0,0,0,0,1,0,0,0,0,0,0,0,0,0,0,0,0,0,0,0,0,0,0,0,0,0,0,0
Total,,,74,286,67,0,0,0,0,0,7,0,0,0,0,0,0,6,0,2,0,0,1,0,0,0,0,0,0,0,0,0,0,0
