Student,Student ID,Grade,State Abs,Present,Reason Pending ,Skipping ,Family Activity ,Employment ,Transportation ,Medical Unexcused ,Medical Excused ,Family Emergency ,Legal or Judicial Requirement ,Non-school Activity Excused ,Religious Observance ,Present/Absent,Discipline,School Function,Rel/Col,Intervention,Exempt Exam,Made up Class,Tardy,Bus Tardy,Excused Tardy,Extreme Tardy,Unexcused Tardy,NovaNet,Office,Early Release,Early Release Excused,Alternate Bell Schedule,Quarantine Present,Quarantine Absent
"Attocchi, Andrew ",546431,10,20,15,18,0,0,0,0,0,2,0,0,0,0,0,0,0,0,1,0,0,2,0,0,0,0,0,0,0,0,0,0,0
"Ehlers, Elizabeth Nicole",325089,11,28,9,27,0,0,0,0,0,1,0,0,0,0,0,0,0,0,1,0,0,0,0,0,0,0,0,0,0,0,0,0,0
"Eldridge, Casmir Omarion",412538,11,37,1,37,0,0,0,0,0,0,0,0,0,0,0,0,0,0,0,0,0,0,0,0,0,0,0,0,0,0,0,0,0
"Figueroa, Milton Armoni",544803,10,8,29,8,0,0,0,0,0,0,0,0,0,0,0,0,1,0,0,0,0,0,0,0,0,0,0,0,0,0,0,0,0
"Perez Veras, Adelky Sheyenne",519352,11,15,23,15,0,0,0,0,0,0,0,0,0,0,0,0,0,0,0,0,0,0,0,0,0,0,0,0,0,0,0,0,0
Total,,,108,77,105,0,0,0,0,0,3,0,0,0,0,0,0,1,0,2,0,0,2,0,0,0,0,0,0,0,0,0,0,0
