Student,,Student ID,Start Date,End Date,Grade Level,Report Period 1,Report Period 2,Report Period 3,Grade,Comments
"Broyles, Makayla Anne",,146635,"Wed, Aug 11, 2021",,12,A,B,A,C,
"Charles, Terri Leigh",,351086,"Wed, Aug 11, 2021",,12,A,A,A,A,
"Cirilo-Cerritos, Denise ",,319143,"Mon, Aug 23, 2021",,11,D,F,F,F,
"Contreras, Cesar Enrique",,147972,"Wed, Aug 11, 2021",,12,D,F,D,F,
"Depew, Layne David",,531357,"Tue, Jan 11, 2022",,12,D,C,D,D,
"Finfrock, Brooklyn Denee'",,530169,"Wed, Aug 11, 2021",,11,B,B,B,D,
"Gatea, Maram Alaa",,404013,"Mon, Oct 18, 2021",,11,,D,C,D,
"Gregory, Gavin ",,381245,"Wed, Aug 11, 2021",,11,B,C,A,D,
"Hernandez, Yaeli ",,499426,"Wed, Aug 11, 2021",,12,A,A,B,C,
"Johnson, Amber Kay",,148685,"Thu, Oct 21, 2021",,12,,D,D,C,
"Jones, Gavin M",,395621,"Wed, Aug 11, 2021",,12,F,F,F,F,
"Jufer, Aidan Edward",,347729,"Wed, Aug 11, 2021",,10,A,B,C,D,
"Keeney, Rylee Sybella",,147530,"Sat, Feb 26, 2022",,12,,,F,D,
"Landrum-Russell, Summer Kailey",,327130,"Tue, Jan 11, 2022",,12,A,F,C,C,
"Miller-Walker, Dymin ",,357407,"Wed, Aug 11, 2021",,11,D,F,C,F,
"Rivera, Eidelyz ",,380720,"Wed, Aug 11, 2021",,12,A,A,A,A,
"Sanez, Aaron ",,367710,"Wed, Aug 11, 2021",,12,B,C,D,C,
"Smith, Ashlyn Elizabeth",,146013,"Tue, Jan 11, 2022",,12,B,C,C,C,
"Thomas, Bodara ",,451539,"Wed, Aug 11, 2021",,12,C,D,C,D,
"Tremblay, Corbin Matthew",,144006,"Wed, Aug 11, 2021",,12,F,F,F,D,
"Turcios, Willians ",,456328,"Tue, Jan 11, 2022",,11,C,F,F,F,
"Warbrick, Tyler Christopher",,145542,"Wed, Aug 11, 2021",,12,A,B,A,B,
"Ward, Robert James",,147768,"Wed, Aug 11, 2021",,12,A,B,C,C,
"Waters, Nadia ",,206502,"Wed, Aug 11, 2021",,12,B,B,A,B,
