Student,,Student ID,Start Date,End Date,Grade Level,Report Period 1,Report Period 2,Report Period 3,Grade,Comments
"Barber, Daja Lo'rita",,351383,"Wed, Aug 11, 2021",,10,F,F,F,F,
"Buchanan, Isaiah Xavier",,317648,"Wed, Aug 11, 2021",,11,A,A,A,A,
"Byrd, Stephon ",,152718,"Tue, Jan  4, 2022","Thu, May 26, 2022",12,,,A,C,
"Candelario, Ray ",,146784,"Wed, Aug 11, 2021",,12,D,F,C,D,
"Cranston, Ethan James",,145805,"Tue, Jan  4, 2022","Thu, May 26, 2022",12,A,B,A,B,
"Gonzalez-Caraballo, Ricardo ",,330399,"Wed, Aug 11, 2021",,11,B,F,D,D,
"Hunter, Mariyona Pilar",,326097,"Wed, Aug 11, 2021",,11,B,D,D,D,
"Jones, Makenzie Hope",,371530,"Wed, Aug 11, 2021",,11,A,D,D,D,
"Koberna, Nathan ",,55890,"Wed, Aug 11, 2021",,12,B,A,B,B,
"Lai, Asia Lynnann",,317221,"Wed, Aug 11, 2021",,11,A,A,C,C,
"Marcelino Hernandez, Diana ",,471679,"Wed, Aug 11, 2021",,12,A,B,A,B,
"Marcelino-De la Cruz, Areli ",,153513,"Wed, Aug 11, 2021",,12,B,C,B,C,
"Olivares-Perez, Gabriel ",,144967,"Wed, Aug 11, 2021",,12,B,D,B,C,
"Pele, Kiono ",,395789,"Wed, Aug 11, 2021",,12,D,F,F,F,
"Rogero, Micah Raymond",,327040,"Wed, Aug 11, 2021",,11,D,F,C,D,
"Saul, Logan ",,315603,"Wed, Aug 11, 2021",,11,B,F,A,B,
"Silva Ortega, Brayan Severiano",,149665,"Wed, Aug 11, 2021",,12,C,F,F,F,
"Trejo Gonzalez, Diana ",,538084,"Tue, Jan  4, 2022","Thu, May 26, 2022",11,A,A,A,A,
"Wahba, Michael Sarwat Younan",,171321,"Wed, Aug 11, 2021",,11,B,D,C,D,
"Walton, Brianna ",,162833,"Mon, Aug 16, 2021",,12,C,F,F,C,
"Woodson, Travis Jay",,432410,"Tue, Aug 17, 2021",,11,D,D,B,F,
