Student,,Student ID,Start Date,End Date,Grade Level,Report Period 1,Report Period 2,Report Period 3,Grade,Comments
"Alfaro, Jennifer ",,159378,"Wed, Aug 11, 2021",,12,C,D,F,F,
"Bellack, Marley Simone",,37901,"Wed, Aug 11, 2021",,12,A,B,A,A,
"Benenati, Joshua ",,149627,"Wed, Aug 11, 2021",,12,C,C,C,C,
"Canada-Rosales, Angel Jasper",,318039,"Wed, Aug 11, 2021",,11,D,D,C,F,
"Ceron, Alex ",,146015,"Wed, Aug 11, 2021",,12,C,D,D,C,
"Chiles, Sydney Anastasia",,429639,"Wed, Aug 11, 2021",,12,A,B,D,C,
"Cirilo Ortiz, Angela ",,316095,"Wed, Aug 11, 2021",,11,D,F,F,D,
"Cruz-Huapilla, Oswaldo ",,13349,"Wed, Aug 11, 2021",,12,C,F,F,F,
"Frazier-Stomberg, Jayden ",,347211,"Wed, Aug 11, 2021",,10,B,C,B,B,
"Gamble, Cameron David",,145883,"Thu, Jan 13, 2022",,12,B,C,C,C,
"Hernandez Ceron, Cesar Emanuel",,316693,"Wed, Aug 11, 2021",,11,D,F,F,D,
"Kelly, Chancellor ",,149141,"Fri, Aug 20, 2021",,12,B,C,A,B,
"King, Logan ",,71785,"Wed, Jan 12, 2022",,12,C,C,C,C,
"Mahoney, Brendan ",,65576,"Wed, Aug 11, 2021",,12,C,D,D,B,
"Manuel Perez, Andrea ",,52156,"Wed, Aug 11, 2021",,12,B,D,C,C,
"Mata, Alejandro Ivan",,450806,"Wed, Aug 11, 2021",,11,A,A,B,C,
"McGill-Abdullah, Zakariyyah Karim",,149778,"Wed, Aug 11, 2021",,12,D,D,C,D,
"Mikhael, David ",,36005,"Thu, Jan  6, 2022",,12,F,F,C,D,
"Pool, Cameran ",,146444,"Sat, Oct  9, 2021",,12,,F,D,D,
"Ramirez Gonzalez, Isabella Sofia",,518844,"Wed, Aug 11, 2021",,11,C,C,C,D,
"Rodriguez, Kevin ",,165293,"Wed, Aug 11, 2021",,12,D,F,D,D,
"Schueler, Jayden Elijah",,57012,"Fri, Jan 14, 2022",,12,B,D,C,D,
"Tripp, Tyrek Tavon",,323831,"Wed, Aug 11, 2021",,11,C,D,C,C,
"Varner, Nicholas Lynn",,397464,"Wed, Aug 11, 2021",,12,C,D,C,F,
"Waller, Zoelle ",,451171,"Wed, Aug 11, 2021",,11,A,A,B,B,
"Williams, Danyla ",,371988,"Tue, Jan  4, 2022",,11,,,C,C,
"Williams, MaKenna Bethany",,528650,"Wed, Aug 11, 2021",,12,A,A,C,A,
